{"f":[478.51820491109225,429.74597798475867,468.76375952582555,507.7815410668925,469,439.5004233700254],"cx":[40.47417442845048,27.46824724809484,49.14479254868755,40.47417442845048,0,-39.7290431837426],"cy":[-7.214225232853508,5.791701947502119,38.3065198983912,42.641828958509734,31.803556308213388,-9.381879762912774]}