{"f":[499.9786531280355,509.7239297608605,490.2333764952104,383.0353335341349,460.9975465967353,480.48809986238535],"cx":[0,0,0,0,0,0],"cy":[23.534017611830265,-2.453386742369858,4.043464346180173,1.877847316663491,34.36210275941366,53.85265602506374]}