{"f":[469,449.25486875529214,478.51820491109225,468.76375952582555,390.7281964436918,449.25486875529214],"cx":[0,0,0,-2.878916172734975,-100,0],"cy":[1.456392887383572,-5.0465707027942415,-7.214225232853508,23.13293818797628,23.13293818797628,53.48010160880611]}